run,time,resonant_frequency_hz,temperature_C
1,2026-04-01T16:16:42,197469.0889191859,2.0
2,2026-04-01T16:16:48,192201.7948450663,3.0
3,2026-04-01T16:16:50,194817.641184487,4.0
4,2026-04-01T16:16:51,194817.641184487,4.0
5,2026-04-01T16:16:52,192201.7948450663,4.0
6,2026-04-01T16:16:53,192201.7948450663,4.0
7,2026-04-01T16:16:54,194817.641184487,4.0
8,2026-04-01T16:16:55,194817.641184487,4.0
9,2026-04-01T16:16:55,194817.641184487,4.0
10,2026-04-01T16:16:56,197469.0889191859,4.0
11,2026-04-01T16:17:15,192201.7948450663,2.0
1,2026-04-01T16:22:28,194817.641184487,3.0
2,2026-04-01T16:22:29,192201.7948450663,4.0
3,2026-04-01T16:22:30,194817.641184487,5.0
4,2026-04-01T16:22:31,194817.641184487,6.0
5,2026-04-01T16:22:37,194817.641184487,2.0
6,2026-04-01T16:22:38,194817.641184487,2.0
1,2026-04-07T10:04:20,1310.439075816766,22.203
2,2026-04-07T10:04:20,1114.209183927904,22.271
3,2026-04-07T10:04:21,1224.792803878379,22.423
4,2026-04-07T10:04:22,1013.609895174207,22.613
5,2026-04-07T10:04:23,1241.462105927077,22.719
6,2026-04-07T10:04:24,432521.742218142,22.078
7,2026-04-07T10:04:25,1402.074347587384,22.178
8,2026-04-07T10:04:27,1694.192785215816,22.236
9,2026-04-07T10:04:28,1013.609895174207,22.132
10,2026-04-07T10:04:29,1421.156432916966,22.076
11,2026-04-07T10:04:30,1862.338923109492,21.951
12,2026-04-07T10:04:31,1479.975106374074,22.502
13,2026-04-07T10:04:32,1069.92715116255,22.331
14,2026-04-07T10:04:33,1160.323956822997,22.355
15,2026-04-07T10:04:35,1176.115844601384,22.141
16,2026-04-07T10:04:36,1310.439075816766,21.812
17,2026-04-07T10:04:37,1275.484400042829,21.851
18,2026-04-07T10:04:39,1328.274014675025,22.24
19,2026-04-07T10:04:40,432521.742218142,23.283
20,2026-04-07T10:04:41,1583.465549836171,nan
21,2026-04-07T10:04:42,1160.323956822997,nan
22,2026-04-07T10:04:44,1562.204115106984,24.5
23,2026-04-07T10:04:45,1275.484400042829,nan
24,2026-04-07T10:04:46,1144.744109143168,nan
25,2026-04-07T10:04:47,1292.843609417175,nan
26,2026-04-07T10:04:48,1275.484400042829,nan
27,2026-04-07T10:04:49,1562.204115106984,nan
28,2026-04-07T10:04:51,1364.675390905384,nan
29,2026-04-07T10:04:52,1440.498223433475,nan
30,2026-04-07T10:04:53,1694.192785215816,nan
31,2026-04-07T10:04:54,1500.117412888763,nan
32,2026-04-07T10:04:55,1114.209183927904,nan
33,2026-04-07T10:04:56,1310.439075816766,nan
34,2026-04-07T10:04:57,1520.533854089896,nan
35,2026-04-07T10:04:58,1224.792803878379,nan
36,2026-04-07T10:05:00,1241.462105927077,nan
37,2026-04-07T10:05:01,1605.016350469833,nan
38,2026-04-07T10:05:02,1671.444598919466,nan
39,2026-04-07T10:05:03,1055.561075252796,nan
40,2026-04-07T10:05:04,432521.742218142,nan
41,2026-04-07T10:05:05,1160.323956822997,nan
42,2026-04-07T10:05:06,1671.444598919466,nan
43,2026-04-07T10:05:08,1788.323958592142,nan
1,2026-04-07T10:10:01,25300.62077199861,22.946
2,2026-04-07T10:10:02,2131.901512106383,22.904
3,2026-04-07T10:10:03,1541.228160921906,22.607
4,2026-04-07T10:10:04,1479.975106374074,22.829
5,2026-04-07T10:10:05,1241.462105927077,22.929
6,2026-04-07T10:10:06,1764.311858597809,23.048
7,2026-04-07T10:10:08,1275.484400042829,22.968
8,2026-04-07T10:10:09,1129.373454466983,22.597
9,2026-04-07T10:10:10,1605.016350469833,22.878
10,2026-04-07T10:10:11,1500.117412888763,23.129
11,2026-04-07T10:10:15,1346.351685187085,23.21
12,2026-04-07T10:10:17,1541.228160921906,23.211
13,2026-04-07T10:10:18,1383.248480343364,23.292
14,2026-04-07T10:10:19,1069.92715116255,23.132
15,2026-04-07T10:10:20,999.9999996956892,23.048
16,2026-04-07T10:10:21,1041.387894847021,23.112
17,2026-04-07T10:10:22,1224.792803878379,21.925
18,2026-04-07T10:10:24,1402.074347587384,23.046
19,2026-04-07T10:10:25,1364.675390905384,22.557
20,2026-04-07T10:10:26,1224.792803878379,23.04
21,2026-04-07T10:10:27,1192.122658321908,23.115
22,2026-04-07T10:10:28,1099.24852637448,22.315
23,2026-04-07T10:10:29,1310.439075816766,23.32
24,2026-04-07T10:10:30,1717.250571950079,22.901
25,2026-04-07T10:10:31,1328.274014675025,23.891
26,2026-04-07T10:10:33,1440.498223433475,23.212
27,2026-04-07T10:10:34,1192.122658321908,23.65
28,2026-04-07T10:10:35,1258.358275434427,23.601
29,2026-04-07T10:10:36,1310.439075816766,23.647
30,2026-04-07T10:10:39,1440.498223433475,23.416
31,2026-04-07T10:10:41,1717.250571950079,22.144
32,2026-04-07T10:10:42,1402.074347587384,22.562
33,2026-04-07T10:10:44,1208.347323104179,22.688
34,2026-04-07T10:10:45,1479.975106374074,22.352
35,2026-04-07T10:10:46,1084.488747863932,23.016
36,2026-04-07T10:10:47,17563.79865849135,22.809
37,2026-04-07T10:10:48,1500.117412888763,22.644
38,2026-04-07T10:10:50,1084.488747863932,22.879
39,2026-04-07T10:10:52,1479.975106374074,23.398
40,2026-04-07T10:10:53,1364.675390905384,23.094
41,2026-04-07T10:10:54,1129.373454466983,23.566
42,2026-04-07T10:10:55,1176.115844601384,22.759
43,2026-04-07T10:10:56,1479.975106374074,23.595
44,2026-04-07T10:10:58,1027.405019907717,23.136
45,2026-04-07T10:10:59,1192.122658321908,23.611
46,2026-04-07T10:11:00,1717.250571950079,23.511
47,2026-04-07T10:11:02,1275.484400042829,23.552
48,2026-04-07T10:11:03,1605.016350469833,23.295
49,2026-04-07T10:11:04,1224.792803878379,23.264
50,2026-04-07T10:11:06,1144.744109143168,23.266
51,2026-04-07T10:11:07,1583.465549836171,22.858
52,2026-04-07T10:11:08,438408.3179237082,23.221
53,2026-04-07T10:11:09,1292.843609417175,23.157
54,2026-04-07T10:11:10,432521.742218142,22.752
55,2026-04-07T10:11:11,1460.103253697362,23.328
56,2026-04-07T10:11:12,1176.115844601384,22.737
57,2026-04-07T10:11:14,1208.347323104179,23.139
58,2026-04-07T10:11:15,1176.115844601384,23.072
59,2026-04-07T10:11:16,1837.333012837928,22.717
60,2026-04-07T10:11:17,1069.92715116255,23.114
61,2026-04-07T10:11:18,1292.843609417175,23.191
62,2026-04-07T10:11:19,1440.498223433475,23.946
63,2026-04-07T10:11:20,1402.074347587384,24.387
64,2026-04-07T10:11:21,1069.92715116255,24.708
65,2026-04-07T10:11:23,1292.843609417175,23.196
66,2026-04-07T10:11:24,1364.675390905384,22.815
67,2026-04-07T10:11:25,1626.860455247687,23.486
68,2026-04-07T10:11:26,481919.6975746009,23.562
69,2026-04-07T10:11:27,438408.3179237082,23.776
70,2026-04-07T10:11:28,438408.3179237082,22.483
71,2026-04-07T10:11:30,481919.6975746009,23.708
72,2026-04-07T10:11:31,1258.358275434427,21.816
73,2026-04-07T10:11:32,248486.8622595671,22.964
74,2026-04-07T10:11:33,106032.8420400487,22.367
75,2026-04-07T10:11:34,1176.115844601384,21.75
76,2026-04-07T10:11:35,1099.24852637448,22.529
77,2026-04-07T10:11:36,1224.792803878379,22.991
78,2026-04-07T10:11:38,1114.209183927904,23.467
79,2026-04-07T10:11:39,1328.274014675025,23.503
80,2026-04-07T10:11:40,1626.860455247687,22.995
81,2026-04-07T10:11:41,1041.387894847021,22.422
82,2026-04-07T10:11:42,1562.204115106984,23.381
83,2026-04-07T10:11:43,1055.561075252796,23.776
84,2026-04-07T10:11:44,1192.122658321908,22.337
85,2026-04-07T10:11:45,1402.074347587384,23.713
86,2026-04-07T10:11:47,1310.439075816766,23.917
87,2026-04-07T10:11:47,1310.439075816766,23.778
88,2026-04-07T10:11:48,1583.465549836171,23.296
89,2026-04-07T10:11:49,495126.7166312254,23.662
90,2026-04-07T10:11:50,1292.843609417175,23.116
91,2026-04-07T10:11:51,488478.5742896255,22.996
92,2026-04-07T10:11:52,444375.009309378,22.094
93,2026-04-07T10:11:54,432521.742218142,21.41
94,2026-04-07T10:11:55,515618.9692720161,22.477
95,2026-04-07T10:11:56,432521.742218142,21.957
96,2026-04-07T10:12:00,444375.009309378,23.494
97,2026-04-07T10:12:01,1041.387894847021,23.324
98,2026-04-07T10:12:03,1208.347323104179,23.728
99,2026-04-07T10:12:04,1099.24852637448,23.556
100,2026-04-07T10:12:05,1421.156432916966,23.81
101,2026-04-07T10:12:06,1208.347323104179,23.816
102,2026-04-07T10:12:07,1694.192785215816,23.47
103,2026-04-07T10:12:08,1694.192785215816,23.917
104,2026-04-07T10:12:09,438408.3179237082,23.986
105,2026-04-07T10:12:11,1310.439075816766,22.011
106,2026-04-07T10:12:12,1460.103253697362,23.022
107,2026-04-07T10:12:13,1421.156432916966,23.624
108,2026-04-07T10:12:14,1208.347323104179,22.46
109,2026-04-07T10:12:15,1421.156432916966,23.542
110,2026-04-07T10:12:16,1520.533854089896,23.15
111,2026-04-07T10:12:17,1224.792803878379,23.05
112,2026-04-07T10:12:19,1224.792803878379,23.246
113,2026-04-07T10:12:20,1694.192785215816,23.464
114,2026-04-07T10:12:21,1364.675390905384,23.22
115,2026-04-07T10:12:22,1479.975106374074,23.444
116,2026-04-07T10:12:23,1144.744109143168,22.065
117,2026-04-07T10:12:24,1500.117412888763,21.865
118,2026-04-07T10:12:25,1520.533854089896,22.774
119,2026-04-07T10:12:27,1402.074347587384,23.011
120,2026-04-07T10:12:28,1364.675390905384,23.139
121,2026-04-07T10:12:29,1562.204115106984,23.296
122,2026-04-07T10:12:30,1383.248480343364,23.979
123,2026-04-07T10:12:31,1694.192785215816,23.527
124,2026-04-07T10:12:32,1812.662860757717,23.668
125,2026-04-07T10:12:33,1069.92715116255,23.172
1,2026-04-07T10:16:41,1192.122658321908,23.655
2,2026-04-07T10:16:41,1717.250571950079,23.598
3,2026-04-07T10:16:42,438408.3179237082,23.702
4,2026-04-07T10:16:43,1605.016350469833,23.303
5,2026-04-07T10:16:45,1383.248480343364,23.567
6,2026-04-07T10:16:46,432521.742218142,23.4
7,2026-04-07T10:16:47,1421.156432916966,23.477
8,2026-04-07T10:16:48,1364.675390905384,23.543
9,2026-04-07T10:16:49,1460.103253697362,23.174
10,2026-04-07T10:16:50,1310.439075816766,23.43
11,2026-04-07T10:16:51,1479.975106374074,23.778
12,2026-04-07T10:16:52,1421.156432916966,23.751
13,2026-04-07T10:16:54,1069.92715116255,23.925
14,2026-04-07T10:16:55,1114.209183927904,23.378
15,2026-04-07T10:16:56,1192.122658321908,23.643
16,2026-04-07T10:16:57,1224.792803878379,23.155
17,2026-04-07T10:16:58,1500.117412888763,22.96
18,2026-04-07T10:16:59,1310.439075816766,23.989
19,2026-04-07T10:17:01,1837.333012837928,23.267
20,2026-04-07T10:17:02,1402.074347587384,24.015
21,2026-04-07T10:17:03,1717.250571950079,24.138
22,2026-04-07T10:17:04,1099.24852637448,23.747
23,2026-04-07T10:17:05,32270.54711590346,23.995
24,2026-04-07T10:17:06,438408.3179237082,23.869
25,2026-04-07T10:17:07,444375.009309378,24.417
26,2026-04-07T10:17:08,444375.009309378,24.107
27,2026-04-07T10:17:10,2343.489596271616,23.287
28,2026-04-07T10:17:11,1862.338923109492,23.955
29,2026-04-07T10:17:12,1041.387894847021,23.963
30,2026-04-07T10:17:13,1292.843609417175,23.183
31,2026-04-07T10:17:14,214153.0050489671,23.195
32,2026-04-07T10:17:15,220021.8724825861,22.923
33,2026-04-07T10:17:16,1144.744109143168,23.187
34,2026-04-07T10:17:18,1275.484400042829,23.401
35,2026-04-07T10:17:19,220021.8724825861,23.341
36,2026-04-07T10:17:20,1027.405019907717,23.203
37,2026-04-07T10:17:21,1192.122658321908,22.877
38,2026-04-07T10:17:22,1027.405019907717,23.186
39,2026-04-07T10:17:23,1084.488747863932,23.23
40,2026-04-07T10:17:25,1541.228160921906,22.379
41,2026-04-07T10:17:27,1740.622172751857,22.812
42,2026-04-07T10:17:28,1402.074347587384,23.36
43,2026-04-07T10:17:29,1176.115844601384,23.297
44,2026-04-07T10:17:30,1208.347323104179,23.462
45,2026-04-07T10:17:31,1241.462105927077,22.549
46,2026-04-07T10:17:32,205641.9188694886,22.89
47,2026-04-07T10:17:35,184563.1159509608,22.392
48,2026-04-07T10:17:36,197469.0889191859,21.975
49,2026-04-07T10:17:37,1084.488747863932,21.948
50,2026-04-07T10:17:38,1055.561075252796,22.06
51,2026-04-07T10:17:39,1258.358275434427,22.018
52,2026-04-07T10:17:40,1421.156432916966,21.985
53,2026-04-07T10:17:41,163420.8021844325,22.014
54,2026-04-07T10:17:43,1520.533854089896,21.851
55,2026-04-07T10:17:44,1500.117412888763,21.885
56,2026-04-07T10:17:45,1258.358275434427,22.535
57,2026-04-07T10:17:46,1562.204115106984,22.605
58,2026-04-07T10:17:47,170184.4452128461,23.239
59,2026-04-07T10:17:48,192201.7948450663,23.051
60,2026-04-07T10:17:49,167899.3525727253,23.098
61,2026-04-07T10:17:51,214153.0050489671,23.133
62,2026-04-07T10:17:52,2220.136428389259,23.237
63,2026-04-07T10:17:53,1364.675390905384,22.868
64,2026-04-07T10:17:54,1541.228160921906,23.138
65,2026-04-07T10:17:55,1041.387894847021,23.703
66,2026-04-07T10:17:56,1460.103253697362,23.353
67,2026-04-07T10:17:57,159061.71273076,22.673
68,2026-04-07T10:17:59,194817.641184487,23.088
69,2026-04-07T10:18:00,1013.609895174207,21.844
70,2026-04-07T10:18:01,1383.248480343364,20.555
71,2026-04-07T10:18:02,1114.209183927904,21.739
72,2026-04-07T10:18:03,1241.462105927077,22.008
73,2026-04-07T10:18:04,1114.209183927904,22.876
74,2026-04-07T10:18:05,1160.323956822997,22.898
75,2026-04-07T10:18:06,1383.248480343364,23.84
76,2026-04-07T10:18:08,1364.675390905384,23.626
77,2026-04-07T10:18:09,1402.074347587384,23.995
78,2026-04-07T10:18:10,1440.498223433475,23.938
79,2026-04-07T10:18:12,1440.498223433475,24.478
80,2026-04-07T10:18:13,211277.5398142618,24.204
81,2026-04-07T10:18:14,1479.975106374074,24.145
82,2026-04-07T10:18:16,1649.001856008479,24.404
83,2026-04-07T10:18:17,189621.0718755306,24.41
84,2026-04-07T10:18:18,1275.484400042829,22.682
85,2026-04-07T10:18:19,1717.250571950079,24.275
86,2026-04-07T10:18:20,1069.92715116255,23.384
87,2026-04-07T10:18:21,1258.358275434427,23.996
88,2026-04-07T10:18:22,8464.33796679194,nan
89,2026-04-07T10:18:24,1383.248480343364,nan
90,2026-04-07T10:18:25,1346.351685187085,24.831
91,2026-04-07T10:18:26,1224.792803878379,23.685
92,2026-04-07T10:18:27,1160.323956822997,23.821
93,2026-04-07T10:18:28,1887.685161206301,23.216
94,2026-04-07T10:18:29,1328.274014675025,23.281
95,2026-04-07T10:18:30,1440.498223433475,23.988
96,2026-04-07T10:18:32,1224.792803878379,22.693
97,2026-04-07T10:18:33,1241.462105927077,23.81
98,2026-04-07T10:18:34,1346.351685187085,24.679
99,2026-04-07T10:18:35,1346.351685187085,24.684
100,2026-04-07T10:18:36,1346.351685187085,24.645
101,2026-04-07T10:18:37,174848.3533750959,24.777
102,2026-04-07T10:18:38,1144.744109143168,23.893
103,2026-04-07T10:18:40,1241.462105927077,24.83
104,2026-04-07T10:18:41,1208.347323104179,23.773
105,2026-04-07T10:18:42,1402.074347587384,23.968
106,2026-04-07T10:18:43,1241.462105927077,23.179
107,2026-04-07T10:18:44,170184.4452128461,23.282
108,2026-04-07T10:18:45,1192.122658321908,22.843
109,2026-04-07T10:18:46,194817.641184487,23.031
110,2026-04-07T10:18:48,1671.444598919466,23.155
111,2026-04-07T10:18:49,1364.675390905384,22.727
112,2026-04-07T10:18:50,1310.439075816766,22.949
113,2026-04-07T10:18:51,1520.533854089896,23.506
114,2026-04-07T10:18:52,1192.122658321908,23.176
115,2026-04-07T10:18:53,1192.122658321908,22.712
116,2026-04-07T10:18:54,214153.0050489671,22.925
117,2026-04-07T10:18:55,1258.358275434427,22.323
118,2026-04-07T10:18:57,1041.387894847021,23.261
119,2026-04-07T10:18:58,1583.465549836171,22.951
120,2026-04-07T10:18:59,167899.3525727253,23.293
121,2026-04-07T10:19:00,1241.462105927077,23.785
122,2026-04-07T10:19:01,1129.373454466983,23.747
123,2026-04-07T10:19:02,1292.843609417175,23.67
124,2026-04-07T10:19:03,1241.462105927077,24.306
125,2026-04-07T10:19:05,1013.609895174207,24.558
126,2026-04-07T10:19:06,1114.209183927904,24.463
127,2026-04-07T10:19:07,1717.250571950079,23.756
128,2026-04-07T10:19:08,1500.117412888763,24.085
129,2026-04-07T10:19:09,1626.860455247687,23.877
130,2026-04-07T10:19:10,1479.975106374074,23.318
131,2026-04-07T10:19:11,174848.3533750959,23.523
132,2026-04-07T10:19:13,1421.156432916966,23.049
133,2026-04-07T10:19:14,1328.274014675025,24.145
134,2026-04-07T10:19:15,1292.843609417175,24.729
135,2026-04-07T10:19:16,1099.24852637448,24.329
136,2026-04-07T10:19:17,1114.209183927904,24.233
137,2026-04-07T10:19:18,1460.103253697362,24.441
138,2026-04-07T10:19:19,170184.4452128461,24.203
139,2026-04-07T10:19:21,1275.484400042829,24.431
140,2026-04-07T10:19:22,1788.323958592142,24.546
141,2026-04-07T10:19:23,1013.609895174207,24.368
142,2026-04-07T10:19:24,1258.358275434427,24.353
143,2026-04-07T10:19:25,177228.0211898459,nan
144,2026-04-07T10:19:26,1084.488747863932,nan
145,2026-04-07T10:19:27,1364.675390905384,24.16
146,2026-04-07T10:19:28,1176.115844601384,nan
147,2026-04-07T10:19:30,202880.7332939134,24.847
148,2026-04-07T10:19:31,1500.117412888763,24.883
149,2026-04-07T10:19:32,1346.351685187085,24.703
150,2026-04-07T10:19:33,1160.323956822997,nan
151,2026-04-07T10:19:34,1440.498223433475,nan
152,2026-04-07T10:19:35,1328.274014675025,nan
153,2026-04-07T10:19:37,1500.117412888763,24.613
154,2026-04-07T10:19:38,1192.122658321908,23.962
155,2026-04-07T10:19:39,1364.675390905384,24.356
156,2026-04-07T10:19:40,1129.373454466983,24.52
157,2026-04-07T10:19:41,1383.248480343364,24.582
158,2026-04-07T10:19:42,1383.248480343364,24.328
159,2026-04-07T10:19:43,1440.498223433475,23.976
160,2026-04-07T10:19:44,1649.001856008479,24.389
161,2026-04-07T10:19:46,1740.622172751857,24.418
162,2026-04-07T10:19:47,1099.24852637448,24.181
163,2026-04-07T10:19:48,1649.001856008479,23.947
164,2026-04-07T10:19:49,1460.103253697362,24.071
165,2026-04-07T10:19:50,1402.074347587384,24.076
166,2026-04-07T10:19:51,1055.561075252796,24.094
167,2026-04-07T10:19:52,192201.7948450663,23.74
168,2026-04-07T10:19:53,1887.685161206301,24.305
169,2026-04-07T10:19:55,170184.4452128461,22.829
170,2026-04-07T10:19:56,1013.609895174207,23.607
171,2026-04-07T10:19:57,1224.792803878379,23.966
172,2026-04-07T10:19:58,1310.439075816766,23.95
173,2026-04-07T10:19:59,1328.274014675025,23.968
174,2026-04-07T10:20:00,1421.156432916966,24.092
175,2026-04-07T10:20:01,1626.860455247687,24.126
176,2026-04-07T10:20:03,1346.351685187085,23.893
177,2026-04-07T10:20:04,172500.6377249672,23.679
178,2026-04-07T10:20:05,999.9999996956892,23.634
179,2026-04-07T10:20:06,1346.351685187085,23.86
180,2026-04-07T10:20:09,1440.498223433475,23.517
181,2026-04-07T10:20:11,1649.001856008479,24.045
182,2026-04-07T10:20:12,1520.533854089896,23.88
183,2026-04-07T10:20:13,1694.192785215816,23.986
184,2026-04-07T10:20:14,1562.204115106984,23.836
185,2026-04-07T10:20:15,1176.115844601384,24.111
186,2026-04-07T10:20:16,211277.5398142618,24.054
187,2026-04-07T10:20:17,1383.248480343364,23.952
188,2026-04-07T10:20:19,208440.6838921557,23.91
189,2026-04-07T10:20:20,200156.6225804318,23.75
190,2026-04-07T10:20:21,177228.0211898459,24.125
191,2026-04-07T10:20:22,1364.675390905384,23.927
192,2026-04-07T10:20:23,1129.373454466983,23.979
193,2026-04-07T10:20:24,1013.609895174207,24.068
194,2026-04-07T10:20:25,172500.6377249672,24.196
195,2026-04-07T10:20:27,1364.675390905384,24.091
196,2026-04-07T10:20:28,1328.274014675025,24.082
197,2026-04-07T10:20:29,172500.6377249672,23.675
198,2026-04-07T10:20:30,1479.975106374074,23.97
199,2026-04-07T10:20:31,1346.351685187085,23.721
200,2026-04-07T10:20:32,1812.662860757717,24.049
201,2026-04-07T10:20:33,187075.0006690072,23.914
202,2026-04-07T10:20:35,1241.462105927077,23.767
203,2026-04-07T10:20:36,1740.622172751857,23.716
204,2026-04-07T10:20:37,1717.250571950079,23.385
205,2026-04-07T10:20:39,1812.662860757717,23.394
206,2026-04-07T10:20:40,1421.156432916966,23.437
207,2026-04-07T10:20:41,1460.103253697362,23.567
208,2026-04-07T10:20:43,1310.439075816766,23.762
209,2026-04-07T10:20:44,1364.675390905384,24.058
210,2026-04-07T10:20:45,1541.228160921906,24.102
211,2026-04-07T10:20:46,223016.3471709729,24.382
212,2026-04-07T10:20:47,1479.975106374074,23.772
213,2026-04-07T10:20:48,1013.609895174207,23.791
214,2026-04-07T10:20:49,1440.498223433475,23.964
215,2026-04-07T10:20:51,1626.860455247687,23.382
216,2026-04-07T10:20:52,1292.843609417175,24.182
217,2026-04-07T10:20:53,1176.115844601384,22.962
218,2026-04-07T10:20:54,1055.561075252796,23.298
219,2026-04-07T10:20:55,1275.484400042829,22.821
220,2026-04-07T10:20:56,1520.533854089896,23.271
221,2026-04-07T10:20:57,1055.561075252796,23.181
222,2026-04-07T10:20:59,1671.444598919466,23.388
223,2026-04-07T10:21:00,223016.3471709729,23.045
224,2026-04-07T10:21:01,1144.744109143168,23.433
225,2026-04-07T10:21:02,1862.338923109492,23.597
226,2026-04-07T10:21:03,1328.274014675025,23.297
227,2026-04-07T10:21:04,1224.792803878379,23.263
228,2026-04-07T10:21:05,202880.7332939134,22.724
229,2026-04-07T10:21:07,177228.0211898459,23.117
230,2026-04-07T10:21:08,167899.3525727253,22.658
231,2026-04-07T10:21:09,1740.622172751857,23.079
232,2026-04-07T10:21:10,1241.462105927077,23.193
233,2026-04-07T10:21:11,1520.533854089896,23.448
234,2026-04-07T10:21:12,1887.685161206301,23.532
235,2026-04-07T10:21:13,1328.274014675025,22.962
236,2026-04-07T10:21:14,1421.156432916966,23.221
237,2026-04-07T10:21:16,1292.843609417175,23.375
238,2026-04-07T10:21:17,1364.675390905384,22.515
239,2026-04-07T10:21:18,1520.533854089896,23.294
240,2026-04-07T10:21:19,205641.9188694886,23.503
241,2026-04-07T10:21:20,1605.016350469833,23.638
242,2026-04-07T10:21:21,1402.074347587384,23.49
243,2026-04-07T10:21:23,1402.074347587384,23.587
244,2026-04-07T10:21:24,1479.975106374074,23.149
245,2026-04-07T10:21:25,1479.975106374074,22.102
246,2026-04-07T10:21:26,1500.117412888763,21.912
247,2026-04-07T10:21:27,2719.207121946894,22.083
248,2026-04-07T10:21:28,1258.358275434427,22.073
249,2026-04-07T10:21:29,1460.103253697362,20.604
250,2026-04-07T10:21:30,1144.744109143168,22.387
251,2026-04-07T10:21:33,1144.744109143168,22.206
252,2026-04-07T10:21:34,1292.843609417175,22.528
253,2026-04-07T10:21:35,192201.7948450663,22.441
254,2026-04-07T10:21:36,1013.609895174207,22.502
255,2026-04-07T10:21:37,192201.7948450663,22.095
256,2026-04-07T10:21:38,167899.3525727253,21.988
257,2026-04-07T10:21:40,1402.074347587384,21.204
258,2026-04-07T10:21:41,1364.675390905384,20.659
259,2026-04-07T10:21:42,1887.685161206301,21.043
260,2026-04-07T10:21:43,214153.0050489671,21.194
261,2026-04-07T10:21:44,184563.1159509608,20.781
262,2026-04-07T10:21:45,1364.675390905384,21.369
263,2026-04-07T10:21:46,170184.4452128461,20.65
264,2026-04-07T10:21:47,1740.622172751857,20.216
265,2026-04-07T10:21:49,1027.405019907717,20.544
266,2026-04-07T10:21:50,170184.4452128461,20.741
267,2026-04-07T10:21:51,1208.347323104179,20.909
268,2026-04-07T10:21:52,177228.0211898459,21.319
269,2026-04-07T10:21:53,1520.533854089896,21.658
270,2026-04-07T10:21:54,1224.792803878379,21.753
271,2026-04-07T10:21:55,1258.358275434427,21.61
272,2026-04-07T10:21:57,1520.533854089896,21.415
273,2026-04-07T10:21:58,1383.248480343364,21.439
274,2026-04-07T10:21:59,1084.488747863932,21.662
275,2026-04-07T10:22:00,1520.533854089896,21.895
276,2026-04-07T10:22:01,1292.843609417175,21.771
277,2026-04-07T10:22:02,1041.387894847021,21.593
278,2026-04-07T10:22:03,1084.488747863932,21.815
279,2026-04-07T10:22:05,1583.465549836171,21.804
280,2026-04-07T10:22:06,1460.103253697362,21.366
281,2026-04-07T10:22:08,1479.975106374074,21.388
282,2026-04-07T10:22:09,1114.209183927904,21.61
283,2026-04-07T10:22:10,1084.488747863932,21.349
284,2026-04-07T10:22:11,1055.561075252796,22.095
285,2026-04-07T10:22:13,1383.248480343364,22.433
286,2026-04-07T10:22:14,1241.462105927077,21.162
287,2026-04-07T10:22:15,165644.9422218549,21.529
288,2026-04-07T10:22:16,1460.103253697362,21.5
289,2026-04-07T10:22:17,1460.103253697362,21.613
290,2026-04-07T10:22:18,165644.9422218549,21.547
291,2026-04-07T10:22:19,165644.9422218549,20.861
292,2026-04-07T10:22:21,1541.228160921906,21.682
293,2026-04-07T10:22:22,1421.156432916966,20.685
294,2026-04-07T10:22:23,1605.016350469833,20.835
295,2026-04-07T10:22:24,1562.204115106984,21.335
296,2026-04-07T10:22:25,1099.24852637448,20.896
297,2026-04-07T10:22:26,1275.484400042829,21.318
298,2026-04-07T10:22:27,170184.4452128461,22.291
299,2026-04-07T10:22:29,1310.439075816766,22.039
300,2026-04-07T10:22:30,211277.5398142618,22.329
301,2026-04-07T10:22:31,1328.274014675025,21.911
302,2026-04-07T10:22:32,1421.156432916966,21.765
303,2026-04-07T10:22:33,161226.5260163183,21.433
304,2026-04-07T10:22:34,1605.016350469833,21.492
305,2026-04-07T10:22:35,1208.347323104179,22.253
306,2026-04-07T10:22:37,170184.4452128461,21.915
307,2026-04-07T10:22:38,1421.156432916966,22.265
308,2026-04-07T10:22:39,1310.439075816766,22.269
309,2026-04-07T10:22:40,1346.351685187085,21.661
310,2026-04-07T10:22:41,1055.561075252796,22.804
311,2026-04-07T10:22:42,1292.843609417175,22.747
312,2026-04-07T10:22:43,1440.498223433475,22.93
313,2026-04-07T10:22:44,1292.843609417175,22.397
314,2026-04-07T10:22:46,174848.3533750959,22.166
315,2026-04-07T10:22:48,172500.6377249672,22.269
316,2026-04-07T10:22:49,179640.076034838,21.827
317,2026-04-07T10:22:51,1520.533854089896,21.073
318,2026-04-07T10:22:52,229128.1146746656,22.062
319,2026-04-07T10:22:54,1364.675390905384,22.77
320,2026-04-07T10:22:55,226051.5763468941,21.236
321,2026-04-07T10:22:56,1292.843609417175,21.626
322,2026-04-07T10:22:57,197469.0889191859,21.579
323,2026-04-07T10:22:58,1383.248480343364,21.617
324,2026-04-07T10:22:59,1114.209183927904,21.132
325,2026-04-07T10:23:00,1114.209183927904,21.321
326,2026-04-07T10:23:02,1084.488747863932,21.444
327,2026-04-07T10:23:03,1192.122658321908,21.031
328,2026-04-07T10:23:04,220021.8724825861,21.408
329,2026-04-07T10:23:05,1129.373454466983,21.471
330,2026-04-07T10:23:06,200156.6225804318,20.96
331,2026-04-07T10:23:07,1965.812476760807,21.522
332,2026-04-07T10:23:08,1788.323958592142,21.79
333,2026-04-07T10:23:10,202880.7332939134,21.696
334,2026-04-07T10:23:11,217067.6050649807,21.027
335,2026-04-07T10:23:12,1292.843609417175,21.515
336,2026-04-07T10:23:13,226051.5763468941,21.348
337,2026-04-07T10:23:14,1346.351685187085,21.012
338,2026-04-07T10:23:15,211277.5398142618,21.178
339,2026-04-07T10:23:16,1114.209183927904,21.009
340,2026-04-07T10:23:18,217067.6050649807,21.015
341,2026-04-07T10:23:19,223016.3471709729,21.347
342,2026-04-07T10:23:20,1328.274014675025,21.758
343,2026-04-07T10:23:21,1192.122658321908,21.601
344,2026-04-07T10:23:22,1192.122658321908,22.137
345,2026-04-07T10:23:23,208440.6838921557,22.473
346,2026-04-07T10:23:24,170184.4452128461,21.652
347,2026-04-07T10:23:25,1479.975106374074,22.381
348,2026-04-07T10:23:27,202880.7332939134,20.591
349,2026-04-07T10:23:28,217067.6050649807,21.512
350,2026-04-07T10:23:29,167899.3525727253,21.621
351,2026-04-07T10:23:30,1192.122658321908,21.482
352,2026-04-07T10:23:31,170184.4452128461,22.415
353,2026-04-07T10:23:32,1275.484400042829,21.756
354,2026-04-07T10:23:33,205641.9188694886,21.358
355,2026-04-07T10:23:35,197469.0889191859,21.824
356,2026-04-07T10:23:36,179640.076034838,20.919
357,2026-04-07T10:23:37,999.9999996956892,21.282
358,2026-04-07T10:23:38,217067.6050649807,21.9
359,2026-04-07T10:23:39,1084.488747863932,21.65
360,2026-04-07T10:23:40,165644.9422218549,20.479
361,2026-04-07T10:23:41,223016.3471709729,20.338
362,2026-04-07T10:23:43,1292.843609417175,20.058
363,2026-04-07T10:23:44,214153.0050489671,20.525
364,2026-04-07T10:23:45,223016.3471709729,19.788
365,2026-04-07T10:23:46,1310.439075816766,20.532
366,2026-04-07T10:23:47,211277.5398142618,21.252
367,2026-04-07T10:23:48,1583.465549836171,19.797
368,2026-04-07T10:23:49,18045.13491587374,21.483
369,2026-04-07T10:23:51,1479.975106374074,21.462
370,2026-04-07T10:23:52,182084.958694169,21.713
371,2026-04-07T10:23:54,167899.3525727253,21.854
372,2026-04-07T10:23:55,1224.792803878379,21.374
373,2026-04-07T10:23:56,197469.0889191859,21.645
374,2026-04-07T10:23:57,208440.6838921557,20.853
375,2026-04-07T10:23:59,202880.7332939134,20.212
376,2026-04-07T10:24:01,1626.860455247687,20.52
377,2026-04-07T10:24:02,1479.975106374074,20.445
1,2026-04-07T10:27:40,1202.914706999527,nan
1,2026-04-07T10:29:32,479.7529047100909,nan
2,2026-04-07T10:29:34,1099.248524508483,24.816
3,2026-04-07T10:29:36,809.1396515147954,24.813
4,2026-04-07T10:29:38,113.4473928941718,24.528
5,2026-04-07T10:29:40,885.4467075667278,24.459
6,2026-04-07T10:29:42,167899.3164631072,24.436
7,2026-04-07T10:29:44,198.3608535729377,24.61
8,2026-04-07T10:29:47,462.7666311079828,24.15
9,2026-04-07T10:29:49,1694.192751244016,24.27
1,2026-04-07T10:33:42,202880.7393241905,23.502
2,2026-04-07T10:33:43,202880.7393241905,23.514
3,2026-04-07T10:33:45,206570.6462366322,23.656
4,2026-04-07T10:33:46,204717.3794067415,23.168
5,2026-04-07T10:33:47,210327.6635759573,22.904
6,2026-04-07T10:33:48,210327.6635759573,23.437
7,2026-04-07T10:33:50,218047.9340359265,23.903
8,2026-04-07T10:33:51,218047.9340359265,23.434
9,2026-04-07T10:33:52,185396.6456054088,23.572
10,2026-04-07T10:33:53,199256.744066045,23.353
11,2026-04-07T10:33:55,164900.2224416616,23.298
12,2026-04-07T10:33:56,167899.3561823878,22.802
13,2026-04-07T10:33:57,178832.4364429913,23.211
14,2026-04-07T10:33:58,216091.6977030447,22.933
15,2026-04-07T10:33:59,166393.0322528186,23.635
16,2026-04-07T10:34:01,208440.6903325895,23.642
17,2026-04-07T10:34:02,163420.8055058079,23.497
18,2026-04-07T10:34:03,204717.3794067415,23.713
19,2026-04-07T10:34:04,212231.719223032,23.703
20,2026-04-07T10:34:06,216091.6977030447,23.521
21,2026-04-07T10:34:07,166393.0322528186,23.514
22,2026-04-07T10:34:08,178832.4364429913,23.048
23,2026-04-07T10:34:09,216091.6977030447,23.095
24,2026-04-07T10:34:11,169419.3165710688,22.556
1,2026-04-07T10:34:43,1269.749939031036,24.481
2,2026-04-07T10:34:45,1389.495497894934,23.954
3,2026-04-07T10:34:47,204717.3274915715,24.354
4,2026-04-07T10:34:49,208440.6371505363,23.923
5,2026-04-07T10:34:51,968.950008163606,24.23
6,2026-04-07T10:34:54,167899.3164631072,24.338
1,2026-04-07T10:36:13,175175.44176064,23.721
2,2026-04-07T10:36:14,194993.5954887193,24.126
3,2026-04-07T10:36:15,218721.8990305259,24.205
4,2026-04-07T10:36:17,189112.9060936885,24.271
5,2026-04-07T10:36:18,173839.4849813903,24.224
6,2026-04-07T10:36:19,192030.7410612396,24.661
7,2026-04-07T10:36:20,198002.163984217,24.293
8,2026-04-07T10:36:22,164768.7563411331,24.136
9,2026-04-07T10:36:23,168596.7691208747,24.559
10,2026-04-07T10:36:24,210507.8493988673,24.167
11,2026-04-07T10:36:25,208902.4337900174,24.279
12,2026-04-07T10:36:27,194993.5954887193,24.124
13,2026-04-07T10:36:28,164768.7563411331,24.062
14,2026-04-07T10:36:29,218721.8990305259,23.908
15,2026-04-07T10:36:31,196492.1216482469,23.539
1,2026-04-07T10:37:00,213116.9770303881,24.984
2,2026-04-07T10:37:03,213933.5115456065,nan
3,2026-04-07T10:37:05,223124.5296557232,nan
4,2026-04-07T10:37:07,170071.8618999115,nan
5,2026-04-07T10:37:10,209881.8854714936,nan
6,2026-04-07T10:37:12,170071.8618999115,nan
7,2026-04-07T10:37:15,209080.8150717772,nan
8,2026-04-07T10:37:17,174685.9090236221,nan
9,2026-04-07T10:37:20,203558.2818646222,nan
10,2026-04-07T10:37:22,195921.0280399459,nan
11,2026-04-07T10:37:25,206695.9022358321,nan
12,2026-04-07T10:37:27,175355.1990821975,nan
13,2026-04-07T10:37:29,214753.1745239995,nan
14,2026-04-07T10:37:32,172693.3270330356,24.706
15,2026-04-07T10:37:34,164318.1411194481,24.517
16,2026-04-07T10:37:37,205906.9919939985,nan
1,2026-04-07T10:42:50,500000.3725605534,21.523
2,2026-04-07T10:42:53,500000.3725605534,21.662
3,2026-04-07T10:42:55,500000.3725605534,21.432
4,2026-04-07T10:42:57,500000.3725605534,21.276
5,2026-04-07T10:43:00,500000.3725605534,21.596
6,2026-04-07T10:43:02,500000.3725605534,21.106
7,2026-04-07T10:43:05,500000.3725605534,21.246
8,2026-04-07T10:43:07,500000.3725605534,21.642
9,2026-04-07T10:43:09,500000.3725605534,21.386
10,2026-04-07T10:43:12,500000.3725605534,21.391
11,2026-04-07T10:43:14,500000.3725605534,21.358
12,2026-04-07T10:43:17,500000.3725605534,21.365
13,2026-04-07T10:43:19,500000.3725605534,21.283
14,2026-04-07T10:43:22,500000.3725605534,21.361
15,2026-04-07T10:43:24,500000.3725605534,21.591
16,2026-04-07T10:43:26,500000.3725605534,20.464
17,2026-04-07T10:43:29,500000.3725605534,21.371
18,2026-04-07T10:43:31,500000.3725605534,20.736
19,2026-04-07T10:43:34,500000.3725605534,21.411
20,2026-04-07T10:43:36,500000.3725605534,20.423
21,2026-04-07T10:43:39,500000.3725605534,21.349
22,2026-04-07T10:43:41,500000.3725605534,19.92
23,2026-04-07T10:43:43,500000.3725605534,21.472
24,2026-04-07T10:43:46,500000.3725605534,21.31
25,2026-04-07T10:43:48,500000.3725605534,21.368
26,2026-04-07T10:43:51,500000.3725605534,21.389
27,2026-04-07T10:43:53,500000.3725605534,21.474
28,2026-04-07T10:43:55,500000.3725605534,21.413
29,2026-04-07T10:43:58,500000.3725605534,21.594
30,2026-04-07T10:44:00,500000.3725605534,21.003
31,2026-04-07T10:44:03,500000.3725605534,20.425
32,2026-04-07T10:44:05,500000.3725605534,21.424
33,2026-04-07T10:44:07,500000.3725605534,21.42
34,2026-04-07T10:44:10,500000.3725605534,21.186
35,2026-04-07T10:44:12,500000.3725605534,21.159
36,2026-04-07T10:44:15,500000.3725605534,19.957
37,2026-04-07T10:44:17,500000.3725605534,20.559
38,2026-04-07T10:44:20,500000.3725605534,20.463
39,2026-04-07T10:44:22,500000.3725605534,20.643
40,2026-04-07T10:44:25,500000.3725605534,19.917
41,2026-04-07T10:44:27,500000.3725605534,20.582
42,2026-04-07T10:44:30,500000.3725605534,20.109
43,2026-04-07T10:44:32,500000.3725605534,19.987
44,2026-04-07T10:44:35,500000.3725605534,20.134
45,2026-04-07T10:44:37,500000.3725605534,20.278
46,2026-04-07T10:44:39,500000.3725605534,20.745
47,2026-04-07T10:44:42,500000.3725605534,20.758
48,2026-04-07T10:44:44,500000.3725605534,20.832
49,2026-04-07T10:44:47,500000.3725605534,20.652
50,2026-04-07T10:44:49,500000.3725605534,21.455
51,2026-04-07T10:44:52,500000.3725605534,21.534
52,2026-04-07T10:44:54,500000.3725605534,21.237
53,2026-04-07T10:44:57,500000.3725605534,21.347
1,2026-04-07T10:45:21,500000.3725605534,20.141
2,2026-04-07T10:45:24,500000.3725605534,20.402
3,2026-04-07T10:45:26,500000.3725605534,20.197
4,2026-04-07T10:45:28,500000.3725605534,20.37
5,2026-04-07T10:45:31,500000.3725605534,20.757
6,2026-04-07T10:45:33,500000.3725605534,21.0
7,2026-04-07T10:45:36,500000.3725605534,20.831
1,2026-04-07T10:47:13,500000.3725605534,20.514
2,2026-04-07T10:47:15,500000.3725605534,20.736
3,2026-04-07T10:47:18,500000.3725605534,20.565
4,2026-04-07T10:47:20,500000.3725605534,21.077
5,2026-04-07T10:47:22,500000.3725605534,20.714
6,2026-04-07T10:47:25,500000.3725605534,20.473
7,2026-04-07T10:47:27,500000.3725605534,20.094
1,2026-04-07T10:49:18,295693.27974551474,20.518
2,2026-04-07T10:49:20,208668.18022054384,21.167
3,2026-04-07T10:49:22,204637.28101573937,20.962
4,2026-04-07T10:49:25,206013.63300998652,20.531
5,2026-04-07T10:49:27,202033.61828499622,21.222
6,2026-04-07T10:49:30,212870.26641970128,21.27
7,2026-04-07T10:49:32,218872.70248130188,21.369
8,2026-04-07T10:49:34,221118.42842429125,21.913
9,2026-04-07T10:49:37,205940.56050195053,21.714
10,2026-04-07T10:49:39,198894.55789906025,21.801
11,2026-04-07T10:49:42,187374.86441551652,21.53
12,2026-04-07T10:49:44,172241.22824345742,21.5
13,2026-04-07T10:49:46,176036.96279440387,20.976
14,2026-04-07T10:49:49,216795.90608975015,21.679
15,2026-04-07T10:49:51,208961.7422792461,21.227
16,2026-04-07T10:49:54,200770.83124328556,21.597
17,2026-04-07T10:49:56,195276.91741888286,21.367
18,2026-04-07T10:49:59,171719.59155899155,21.618
19,2026-04-07T10:50:01,182413.86328532317,21.556
20,2026-04-07T10:50:04,209125.564295411,21.437
21,2026-04-07T10:50:06,201347.9598558357,21.449
22,2026-04-07T10:50:09,214807.48740060977,20.095
23,2026-04-07T10:50:11,176181.7231927059,21.856
24,2026-04-07T10:50:13,187366.32952875743,21.615
25,2026-04-07T10:50:16,204316.7506592226,21.425
26,2026-04-07T10:50:19,194498.13927177628,21.361
27,2026-04-07T10:50:21,208175.6637119218,21.667
